{
    "stats": {
        "min": 3.9230367329676556,
        "mean": 10.006417677222265,
        "max": 14.451785628134251
    },
    "individual_costs": [
        3.9230367329676556,
        14.451785628134251,
        11.64443067056489
    ]
}